{"cameraMode":{"drawMode":0,"name":"Shaded","section":"Shading Mode"},"sceneLighting":true,"audioPlay":false,"sceneViewState":{"m_AlwaysRefresh":false,"showFog":true,"showSkybox":true,"showFlares":true,"showImageEffects":true,"showParticleSystems":true,"showVisualEffectGraphs":true,"m_FxEnabled":true},"in2DMode":false,"pivot":{"x":-0.11487072706222534,"y":0.900997519493103,"z":2.509176015853882},"rotation":{"x":-0.20513588190078736,"y":0.6497895121574402,"z":-0.18847577273845673,"w":-0.7072268724441528},"size":1.3710310459136963,"orthographic":false}