{"cameraMode":{"drawMode":0,"name":"Shaded","section":"Shading Mode"},"sceneLighting":true,"audioPlay":false,"sceneViewState":{"m_AlwaysRefresh":false,"showFog":true,"showSkybox":true,"showFlares":true,"showImageEffects":true,"showParticleSystems":true,"showVisualEffectGraphs":true,"m_FxEnabled":true},"in2DMode":false,"pivot":{"x":-1.3895421028137208,"y":-5.0601301193237309,"z":-13.597671508789063},"rotation":{"x":0.18782757222652436,"y":0.25737321376800539,"z":-0.05107386037707329,"w":0.9465052485466003},"size":20.89483642578125,"orthographic":true}