{"cameraMode":{"drawMode":0,"name":"Shaded","section":"Shading Mode"},"sceneLighting":true,"audioPlay":false,"sceneViewState":{"m_AlwaysRefresh":false,"showFog":true,"showSkybox":true,"showFlares":true,"showImageEffects":true,"showParticleSystems":true,"showVisualEffectGraphs":true,"m_FxEnabled":true},"in2DMode":false,"pivot":{"x":24.43719482421875,"y":3.4652929306030275,"z":-24.394145965576173},"rotation":{"x":0.23263798654079438,"y":-0.38118818402290347,"z":0.09973162412643433,"w":0.8891737461090088},"size":7.2982892990112309,"orthographic":true}